mean,std,ptp,rms,delta,theta,alpha,sigma,beta,delta_rel,theta_rel,alpha_rel,sigma_rel,beta_rel,spectral_entropy,subject_id,epoch_start_sec,epoch_duration_sec,stage_label
4.087560439560439e-07,3.636261555274487e-05,0.00027813040293040293,3.636491291533907e-05,6.711102745717487e-10,9.333841265181196e-11,8.105385385061622e-12,2.386630796230419e-12,8.697998213225693e-12,0.8564026676911465,0.11910898792911107,0.01034326835610008,0.003045575456268864,0.011099500567373499,2.576817762509082,SC4001,0.0,30,W
-5.228151404151409e-07,2.637589668991275e-05,0.0002061128205128205,2.6381077723777657e-05,3.9688412198522797e-10,4.306788940403993e-11,1.1030131946400591e-11,6.1919040474318455e-12,2.513861011207981e-11,0.8228772681322264,0.08929454521825465,0.02286925664295016,0.012837946405115283,0.05212098360145364,3.1829441409109456,SC4001,30.0,30,W
9.94836630036629e-07,3.1701060882839325e-05,0.0002170842490842491,3.171666692794103e-05,5.193778633781513e-10,2.186781977104814e-11,1.2136751774698405e-11,3.604512068869196e-12,1.4002076614093786e-11,0.9096109415506995,0.038298143864328706,0.02125566564840805,0.00631275194416169,0.024522496992401974,2.461257499421134,SC4001,60.0,30,W
-2.2317948717948748e-07,1.7956082087922413e-05,0.00010858901098901098,1.7957469004058054e-05,1.869428894756999e-10,1.8589084699996018e-11,1.2711269876831931e-11,1.6352543634113568e-12,6.137292499819046e-12,0.8271231347077789,0.08224684047374653,0.056240627370897904,0.007235133247928049,0.027154264199648642,3.4874475645931207,SC4001,90.0,30,W
1.7610549450549438e-07,1.6997579482550463e-05,0.00015716336996336993,1.6998491739293093e-05,1.821964220139889e-10,3.5283052221375224e-11,1.1109026551600596e-11,1.3803517984464289e-12,5.427645227714786e-12,0.7739980148669376,0.1498877534252245,0.04719282850342026,0.005863943649417621,0.02305745955499995,3.725142854046513,SC4001,120.0,30,W
-9.868034188034196e-08,2.8816812024720536e-05,0.0001908278388278388,2.881698098479353e-05,4.3632336745540794e-10,1.2484222100242192e-10,9.01699275261142e-12,2.2894692173227008e-12,7.44352344869441e-12,0.7523911878047952,0.21527654476997637,0.015548802547821117,0.0039479353900063316,0.012835529487401099,3.2549789293740865,SC4001,150.0,30,W
2.6537728937728843e-08,3.311951336241772e-05,0.00022196043956043956,3.3119523994381664e-05,5.647113590488362e-10,7.067036129462468e-11,1.168567646537928e-11,7.254871346783028e-12,3.526059711291163e-11,0.8189173303036299,0.10248276872005004,0.016946007585076358,0.010520666495908163,0.0511332268953356,3.279697387433287,SC4001,180.0,30,W
6.734769230769226e-07,3.4703122660684184e-05,0.00024915457875457873,3.4709657064978465e-05,6.830660800097365e-10,5.1097057718090486e-11,5.480738366235132e-12,1.7863676916231228e-12,7.51308653142165e-12,0.9120397396696522,0.06822553276020991,0.007317961378886378,0.0023851840577400756,0.010031582133511444,2.5922160480558283,SC4001,210.0,30,W
-3.2101587301587374e-08,2.1295000149239035e-05,0.0001714168498168498,2.129502434532531e-05,2.8897345559136064e-10,6.601779477332895e-11,7.998302631174084e-12,2.134738547954132e-12,8.361465009029154e-12,0.7737201500225669,0.17676121141178688,0.0214152815491435,0.0057157160895694665,0.022387640926933277,3.5253689337278105,SC4001,240.0,30,W
5.259721611721606e-07,2.77793148956745e-05,0.00021305201465201466,2.778429381480428e-05,4.484700085416167e-10,3.9860177678515645e-11,7.442782509609397e-12,3.3455369719186954e-12,1.7902147377272744e-11,0.8674121737128149,0.07709590988511288,0.014395522626197896,0.006470799477729827,0.03462559429814428,2.995356579877522,SC4001,270.0,30,W
-8.802148962149017e-08,3.212409254888341e-05,0.00020808205128205128,3.2124213140120055e-05,5.845457863443646e-10,3.609724822321338e-11,7.614700738132171e-12,2.3527135316920087e-12,9.33011498790726e-12,0.9134376212224821,0.05640718882928507,0.011899074958796997,0.003676456322175337,0.014579658667260523,2.482505834072818,SC4001,300.0,30,W
1.7335482295482315e-07,3.4995868876632657e-05,0.00025178021978021974,3.499629823745803e-05,6.75312186911264e-10,4.995629834572491e-11,8.048976054472515e-12,3.306386570614579e-12,1.3589767511550613e-11,0.9001598652097738,0.06658943175739825,0.010728912258209723,0.004407260149337284,0.018114530625280977,2.525533486950052,SC4001,330.0,30,W
-1.0690422466422466e-06,3.270017920311717e-05,0.00023546373626373628,3.2717649231585734e-05,6.200162914959082e-10,6.547317340723603e-11,9.052081966936076e-12,2.956220087044235e-12,1.1104154753093533e-11,0.8749853373238002,0.09239767971446627,0.012774565929893025,0.004171905263690744,0.015670511768149795,2.9319511341124804,SC4001,360.0,30,W
1.214452747252747e-06,2.766373893851826e-05,0.00020695677655677657,2.7690383665341316e-05,3.507407687197673e-10,4.675593571813693e-11,6.1586702849314885e-12,3.126844641047088e-12,9.044409959167211e-12,0.843478372923735,0.1124409367294582,0.014810668318567213,0.0075195873004513265,0.02175043472778828,2.8296299119595445,SC4001,390.0,30,W
-1.350954822954826e-07,1.815645574964194e-05,0.0001807941391941392,1.8156958340483204e-05,1.899427379294079e-10,1.7278083199240625e-11,2.693681188473223e-12,1.3848010238367337e-12,5.243252930120041e-12,0.8771612434999997,0.07979070487009066,0.012439500275877143,0.00639505253693954,0.02421349881709294,3.2144023459039324,SC4001,420.0,30,W
1.1819760683760683e-06,2.3703719551514387e-05,0.0001807003663003663,2.373317062684755e-05,3.1607185702553786e-10,3.18375022935139e-11,7.908084287143645e-12,2.731574780211974e-12,1.1432258719563235e-11,0.8542914914448713,0.0860516579178004,0.021374282366398226,0.007383008139164814,0.03089956013176523,3.250765581602917,SC4001,450.0,30,W
-1.4344126984126978e-07,2.0578733935959362e-05,0.00016035164835164834,2.057923384883167e-05,1.9964870338418014e-10,2.7723166676540894e-11,5.778391282442161e-12,2.9778038634997608e-12,9.224311386518708e-12,0.813722313011124,0.11299326732224252,0.02355139722988419,0.01213684540108308,0.03759617703566622,3.2507164820183427,SC4001,480.0,30,W
1.5553797313797262e-07,2.7092865078755386e-05,0.00017573040293040294,2.709331154061332e-05,4.6055983790973746e-10,4.768164290498866e-11,9.790020201729226e-12,3.5663879959963935e-12,1.2819917168980308e-11,0.8617973289486164,0.08922165832326513,0.018319038191638333,0.006673407874410576,0.023988566662069666,2.932748404303436,SC4001,510.0,30,W
1.6741587301587224e-07,2.5392365017509505e-05,0.0001822945054945055,2.5392916911158084e-05,3.758315567600883e-10,3.653359211633756e-11,6.78878687534986e-12,2.7891748328757145e-12,8.220701350572607e-12,0.8736940354635938,0.08492948756423739,0.015781864227045084,0.006483982974596945,0.019110629770526855,2.8790425139356035,SC4001,540.0,30,W
1.449728937728934e-07,1.788548470677594e-05,0.00015219340659340658,1.788607224452157e-05,1.8462068091951732e-10,2.3229765865352016e-11,5.557346492178048e-12,2.722592923703801e-12,1.4736517501526098e-11,0.7996844846916713,0.1006197315112295,0.024071646490069116,0.011792911327016447,0.06383122598001359,3.50731988144028,SC4001,570.0,30,W
-3.2257875457875644e-08,2.0036664742985692e-05,0.0002077069597069597,2.0036690709629048e-05,2.3059984429442434e-10,1.4712634633619737e-11,3.961898870034465e-12,1.5630015874843955e-12,7.413842179174392e-12,0.8929283776364191,0.056970242171464944,0.015341258972675612,0.006052252446335819,0.02870786877310441,2.904181081547374,SC4001,600.0,30,W
6.148376068376046e-08,1.4216828636768225e-05,0.00011524688644688644,1.4216961586079528e-05,1.0697486129976858e-10,1.606698882779898e-11,3.975637702243955e-12,1.5328519653100826e-12,5.5401626113049066e-12,0.7977810462334554,0.11982197500535988,0.029648913464384315,0.011431473055891978,0.04131659224090868,3.7958376290173326,SC4001,630.0,30,W
6.447511599511599e-07,1.4268860347526521e-05,0.00012921904761904762,1.428341974722696e-05,1.0753485075634431e-10,1.1813490943822586e-11,5.054922150562395e-12,2.460712187875575e-12,1.0226407131425637e-11,0.7844084192468188,0.08617300988334496,0.03687291576312012,0.017949560946398425,0.07459609416031776,3.751377494545899,SC4001,660.0,30,W
1.3550183150183149e-07,1.2847572262649324e-05,0.00012106080586080586,1.2848286803707981e-05,8.272637088771874e-11,1.3107909562534099e-11,4.481688922386805e-12,1.7410835482595887e-12,9.408838281827523e-12,0.7421675814466105,0.11759570054209952,0.04020681909083566,0.015619877340710638,0.08441002157974366,3.575294168032674,SC4001,690.0,30,W
1.20529426129426e-07,1.805702635119868e-05,0.00014431648351648352,1.80574286095902e-05,2.084032524301703e-10,2.538812859671866e-11,4.12918882055864e-12,2.0818172351757628e-12,6.983543977246055e-12,0.8437859255216172,0.10279180068181523,0.016718315909086026,0.00842888996244539,0.028275067925035948,3.351806102331984,SC4001,720.0,30,W
-8.023833943833919e-08,2.749183292822381e-05,0.00018538901098901097,2.7491950020769475e-05,3.905035743328245e-10,2.297534299081321e-11,5.823635076400118e-12,1.9995629009519585e-12,8.368162922146171e-12,0.9088447447370994,0.053472032289097915,0.013553730317310414,0.004653714725675178,0.019475777930817048,2.654181225532583,SC4001,750.0,30,W
-3.104820512820511e-07,2.3970551922992676e-05,0.0001666344322344322,2.397256262056804e-05,2.5758361600253254e-10,2.0252562832766318e-11,4.9709517349752514e-12,2.25492612816883e-12,9.742025629550289e-12,0.8737450783193363,0.06869837986243933,0.01686188229050596,0.007648897228159966,0.03304576229955833,2.7087001757774747,SC4001,780.0,30,W
7.860356532356526e-07,1.5408480775991154e-05,0.00014919267399267399,1.5428516839678614e-05,1.1957719012830027e-10,1.6484123985932983e-11,4.63358011584889e-12,2.2415533972781745e-12,9.80391473985767e-12,0.7828787903541378,0.10792251458918171,0.03033631742151331,0.014675579935374501,0.06418679769979282,3.7494029281223327,SC4001,810.0,30,W
3.78529914529914e-07,2.2555707140748372e-05,0.00017197948717948718,2.2558883161969723e-05,2.3196318870902593e-10,2.2883534790123765e-11,6.758696653001052e-12,2.335560701316289e-12,9.431973006595294e-12,0.8485228162979366,0.08370811547742828,0.024723355246257395,0.008543495866499823,0.034502217111878064,2.7320056904221213,SC4001,840.0,30,W
5.237841269841273e-07,2.6141560948672176e-05,0.00019617289377289377,2.6146807809842154e-05,3.5310346279490485e-10,3.065975194944416e-11,5.798281139444462e-12,2.8024696456763448e-12,9.279093209832592e-12,0.8791474298180179,0.07633581928611079,0.01443640320249627,0.006977512955092213,0.023102834738282993,2.917984663416501,SC4001,870.0,30,W
-1.7885616605616637e-07,2.2027608849743904e-05,0.00021455238095238093,2.202833496125961e-05,2.370167028598804e-10,2.241911808046999e-11,5.322736895680321e-12,2.9479898632516194e-12,9.776106395818652e-12,0.8541676366503552,0.08079466499836181,0.019182232896821264,0.010624050980286725,0.03523141447417506,2.7993447679436336,SC4001,900.0,30,W
2.271492063492062e-07,1.3242159804777094e-05,0.00012574945054945054,1.3244107861883307e-05,8.639460331386466e-11,2.272460159909939e-11,5.5111989332954304e-12,2.000520896443071e-12,9.963146676054143e-12,0.6824537859129483,0.17950762894677247,0.04353441572366452,0.015802642841192843,0.07870152657542194,3.8980592151402735,SC4001,930.0,30,W
1.7629304029304035e-07,1.7985972568596863e-05,0.00016438388278388277,1.7986836533264392e-05,2.0118663928995998e-10,1.8224094130220847e-11,4.5034800775792806e-12,2.1711259175909945e-12,8.5165178995748e-12,0.8575662681983381,0.0776809456617264,0.019196267792261672,0.009254512911534663,0.036302005436139234,3.2122294078699243,SC4001,960.0,30,W
2.2636776556776536e-07,1.8392015928571324e-05,0.00014394139194139194,1.8393408935869103e-05,1.4195151669152535e-10,1.787202699328078e-11,4.966539580175522e-12,1.929732339579524e-12,9.593302972606712e-12,0.8051103504779576,0.10136527070422519,0.028168860152069687,0.010944916380314194,0.05441060228543323,3.055119791196796,SC4001,990.0,30,W
2.1624029304029292e-07,1.7519824671312815e-05,0.000132407326007326,1.752115910486162e-05,1.4474548820861128e-10,1.8905369217014147e-11,4.805504015294439e-12,1.4947544590300771e-12,6.4814358909105e-12,0.8204012623486262,0.1071535214172053,0.027237060091897244,0.008472101343304997,0.03673605479896625,3.40781822026828,SC4001,1020.0,30,W
1.4781733821733792e-07,2.6333308276814544e-05,0.0001895150183150183,2.6333723146703485e-05,4.0286853373652387e-10,3.220257925302316e-11,6.1810362259829615e-12,2.127565185948241e-12,8.497901829227595e-12,0.8915434605878766,0.07126393982874814,0.013678562522174672,0.0047082774395756175,0.018805759621625066,2.721800706735971,SC4001,1050.0,30,W
5.616996336996324e-08,2.2889942983793773e-05,0.00019307838827838827,2.289001190183427e-05,2.7999525385056835e-10,2.0869861309416022e-11,5.7236285707328635e-12,2.1561836966053262e-12,1.3288960900512529e-11,0.8694589731051199,0.06480641344233376,0.017773373480824875,0.006695518002162246,0.04126572196955923,2.885132412623239,SC4001,1080.0,30,W
1.7957509157509133e-07,1.96152865398195e-05,0.0001550065934065934,1.9616108514502522e-05,2.0450066714099515e-10,2.2525309837638307e-11,6.008027774769841e-12,2.3250673278154364e-12,7.875013316487149e-12,0.8407566184921051,0.09260753812857989,0.0247005996916356,0.009558970010365849,0.03237627367731342,3.2099134658811597,SC4001,1110.0,30,W
1.8842100122100095e-07,1.4147837927595963e-05,0.00012415531135531136,1.4149092568049161e-05,9.3019231492269e-11,1.9581039742594878e-11,4.4253721788855915e-12,2.312710623494183e-12,1.1097086213568024e-11,0.7131438458244491,0.15012054779700126,0.03392768231069817,0.01773069205000664,0.0850772320178447,3.6640884909792186,SC4001,1140.0,30,W
2.4274676434676416e-07,1.9113698092179324e-05,0.00015753846153846154,1.9115239489752156e-05,1.9234387255297527e-10,2.0922836447298442e-11,4.7502833764295e-12,1.858011864218915e-12,1.0092758381489396e-11,0.8363949379669722,0.09098160632910991,0.0206563012235288,0.008079444888410817,0.04388770959197828,3.1052601318817237,SC4001,1170.0,30,W
4.567677655677652e-07,2.80842603016141e-05,0.00020283076923076923,2.808797453502975e-05,4.2541488953553147e-10,2.8621034291506774e-11,7.698918004736627e-12,2.7504066678277187e-12,1.0196559402837748e-11,0.8962106456436295,0.06029519946841769,0.016219113259800674,0.00579421124222439,0.02148083038592751,2.648776545424364,SC4001,1200.0,30,W
-5.535101343101349e-07,2.1948548337889963e-05,0.00022430476190476187,2.195552658465463e-05,3.1436982641782357e-10,2.194971949056279e-11,5.116648364878023e-12,1.6720145494292632e-12,7.38995513124909e-12,0.8969228907548098,0.06262434942012163,0.014598217312060948,0.004770394602263807,0.021084147910743888,2.9969016119252374,SC4001,1230.0,30,W
4.279169719169738e-08,2.8920677811381164e-05,0.00021549010989010988,2.89207094691514e-05,3.9662924264391324e-10,2.6100330088133864e-11,5.055744892611688e-12,2.3867374160092165e-12,9.246831958149235e-12,0.9026222003174406,0.05939737881181269,0.01150552477874101,0.005431576763371212,0.02104331932863442,2.5675935783506985,SC4001,1260.0,30,W
5.458832722832722e-07,2.0893036359175034e-05,0.00020095531135531135,2.0900166431221753e-05,2.4917889029474496e-10,2.5665232874893913e-11,5.936702838399199e-12,2.6025208506541082e-12,1.1707717447313907e-11,0.8444135402092328,0.08697394119762081,0.02011820606076674,0.008819382100826082,0.03967493043155362,3.158537220407892,SC4001,1290.0,30,W
5.791101343101343e-07,1.807673229434122e-05,0.00016897875457875456,1.8086006164682665e-05,1.4174502704083062e-10,1.043394834530909e-11,3.62593274243084e-12,1.197217722427066e-12,5.8866817280446506e-12,0.8701950069347056,0.06405564937447274,0.022260171194827767,0.007349907831120395,0.03613926466487343,2.8073986785859053,SC4001,1320.0,30,W
-2.2608644688644738e-07,2.0394777254268066e-05,0.00014975531135531133,2.0396030357220883e-05,1.8876393690793192e-10,2.8782352722416915e-11,6.584664594477431e-12,2.5226555048835244e-12,1.310519413113504e-11,0.7873076352912148,0.12004711509622852,0.027463703056756772,0.010521638681295995,0.05465990787450395,3.1366480511138626,SC4001,1350.0,30,W
-5.860805860805876e-08,1.7214072425950882e-05,0.00015144322344322344,1.7214172195909283e-05,1.2976006452719223e-10,1.746611487680853e-11,6.271523018152439e-12,2.445955094594487e-12,1.0238145516919353e-11,0.7808319693155811,0.10510245139938723,0.037738927509902404,0.01471854950387653,0.06160810227125284,3.1480262016837295,SC4001,1380.0,30,W
3.7352869352869325e-07,1.9277445450457894e-05,0.00019064029304029304,1.928106394316115e-05,1.8903779332928782e-10,2.070807694507695e-11,5.330363147275851e-12,2.1795798163825154e-12,1.2417323364791091e-11,0.8230731557265261,0.0901632522260908,0.023208474557013282,0.0094899205393436,0.05406519695102618,3.142857779713049,SC4001,1410.0,30,W
1.0046202686202676e-07,2.562656978157309e-05,0.00022439853479853478,2.562676669790156e-05,3.83229124940643e-10,2.4216665123931274e-11,6.827113015306943e-12,2.993792364472944e-12,1.0262585628877843e-11,0.8963810010360419,0.056643290169833244,0.0159687612464081,0.007002543444410616,0.024004404103306207,2.7057638845793313,SC4001,1440.0,30,W
-1.6338363858363848e-07,2.1293823429901393e-05,0.00015097435897435898,2.1294450227164222e-05,2.6054318784560676e-10,2.0493206116739222e-11,4.667364400947078e-12,2.2349130174677147e-12,6.704712297972226e-12,0.8842662088407602,0.06955257525512322,0.01584072359838285,0.007585145777122122,0.022755346528611577,2.892522594126117,SC4001,1470.0,30,W
4.2969865689865647e-07,1.7727661995137877e-05,0.00016541538461538463,1.7732868937360256e-05,1.4610942179621296e-10,1.8675862398580797e-11,3.97917209452293e-12,1.7101765146365125e-12,7.460732033234463e-12,0.8211376188758447,0.10495868775535076,0.022363019842423715,0.009611223245032479,0.041929450281348486,3.0821281002136205,SC4001,1500.0,30,W
1.861391941391941e-07,1.9850811718062267e-05,0.00016447765567765567,1.9851684403736446e-05,2.837361062555278e-10,1.740680543009701e-11,5.092471941400254e-12,1.814025762204979e-12,8.851411822969983e-12,0.8953467055408328,0.05492824336495245,0.016069607904203826,0.005724269679283313,0.027931173510727467,3.2159864548752193,SC4001,1530.0,30,W
-2.549059829059832e-07,2.218645171931819e-05,0.00015866373626373625,2.2187916011959267e-05,2.0446033298291062e-10,2.1985687070584512e-11,5.432270085035106e-12,2.203577854125359e-12,1.0110462040639063e-11,0.8372921989606851,0.09003430643209331,0.02224586695370177,0.009023943765248114,0.041403683888271765,2.606764597914181,SC4001,1560.0,30,W
6.472205128205128e-07,2.0071869427868904e-05,0.00016794725274725276,2.0082301579292e-05,2.407357490257029e-10,2.1326222619073324e-11,5.930551904664095e-12,2.7332728035473614e-12,1.2266892862793314e-11,0.850678332690576,0.07535962387640392,0.020956555171437907,0.009658457294857006,0.04334703096672525,3.339624752922174,SC4001,1590.0,30,W
1.4047179487179472e-07,1.788397613197169e-05,0.00016400879120879118,1.788452779958385e-05,1.4137161094697463e-10,1.8630388810111585e-11,5.1450094001668814e-12,2.8822823643908633e-12,1.2679333583170946e-11,0.7823180042733215,0.10309628994911316,0.02847129956958427,0.015949888184468658,0.07016451802351249,3.562526855668297,SC4001,1620.0,30,W
4.6717655677655634e-07,2.379994537011224e-05,0.00017704322344322344,2.380453010574938e-05,2.4262358464395e-10,1.9558250182572593e-11,4.750642131316053e-12,2.5037931265049254e-12,1.1439126040614679e-11,0.8638121672145663,0.06963319127415257,0.01691369980018665,0.008914248670577812,0.04072669304051659,2.8768247075197433,SC4001,1650.0,30,W
1.7516776556776533e-07,1.736494418492498e-05,0.0001549128205128205,1.736582765927538e-05,1.5590416367445544e-10,2.0780963900455362e-11,5.641163666247951e-12,2.862330761934196e-12,1.4700079357893834e-11,0.7799548579431812,0.10396267402291143,0.028221523416975695,0.014319622582193884,0.07354132203473765,3.5812703881828734,SC4001,1680.0,30,W
-2.0705054945054963e-07,1.2059438924310595e-05,0.00011055824175824174,1.2061216236317348e-05,5.959597219479803e-11,3.298870494236295e-11,5.10140416441219e-12,2.339035139837142e-12,1.0872340565563622e-11,0.5373971036238483,0.2974703463244284,0.04600109237934447,0.02109187354665895,0.09803958412571986,4.405448426240197,SC4001,1710.0,30,W
2.3524493284493265e-07,9.748190293337219e-06,0.00010390036630036629,9.751028364923525e-06,4.152336535388989e-11,1.832489263408076e-11,4.344921131569577e-12,1.2359776340691174e-12,7.97004992231751e-12,0.5657195388667402,0.24966063618356354,0.05919575058560688,0.016839114345284716,0.10858496001880484,4.6026895063297495,SC4001,1740.0,30,W
4.1619536019536e-07,2.1547758715308816e-05,0.00016916630036630035,2.155177775105838e-05,2.391469102003494e-10,1.9429443508976405e-11,5.266959409135474e-12,1.856388980483842e-12,8.818157735651408e-12,0.8711524647046318,0.07077661001977469,0.019186217655597863,0.006762361405565236,0.03212234621443048,2.824985859121443,SC4001,1770.0,30,W
2.939155067155069e-07,1.86062958615445e-05,0.00013915897435897435,1.860861714401196e-05,1.7998942670121743e-10,2.197456846167619e-11,5.160448547039246e-12,2.275271511046927e-12,9.159246188195711e-12,0.8235280106600158,0.10054297622935932,0.023611242082076447,0.010410332737568579,0.04190743829098005,3.1843258888502066,SC4001,1800.0,30,W
9.105347985347959e-08,1.942143391133797e-05,0.00015435018315018315,1.9421647353112504e-05,1.8166073703385043e-10,2.357684493201031e-11,5.135882482296098e-12,1.9366483869752215e-12,8.00236603881637e-12,0.8245594528387449,0.10701547661991394,0.023311809247240092,0.008790461606504247,0.03632279968759698,3.0644940042793265,SC4001,1830.0,30,W
1.4034676434676404e-07,1.4906591963437801e-05,0.00014019047619047618,1.4907252636843955e-05,9.404416226807029e-11,1.4857546610604766e-11,3.814205801099705e-12,1.5921198561405898e-12,8.026500821535678e-12,0.7687458164882166,0.12145014134555127,0.031178487660536106,0.013014475850899765,0.06561107865479629,3.3035542537228237,SC4001,1860.0,30,W
1.2090451770451751e-07,2.1204984047224557e-05,0.0001881084249084249,2.1205328725239074e-05,2.6919890955257725e-10,2.2032289219049236e-11,4.924495663746856e-12,1.8434754043044786e-12,9.083024801496456e-12,0.8766347064411739,0.07174720515721851,0.01603640898001635,0.006003198610908003,0.0295784808106832,2.867709730057334,SC4001,1890.0,30,W
1.7494896214896213e-07,2.042348825801772e-05,0.00017357362637362636,2.0424237556509785e-05,1.9696966868580964e-10,1.6874713771020066e-11,3.6296444241738453e-12,1.564613330468822e-12,8.433212773262177e-12,0.8659078743207325,0.0741837442725387,0.015956455168180426,0.006878272234296268,0.03707365400425223,2.968832134233887,SC4001,1920.0,30,W
2.766612942612941e-07,2.201113317421819e-05,0.0001971106227106227,2.201287180458086e-05,2.7694221003412756e-10,2.764897746186228e-11,6.886379591662597e-12,3.5854865956025822e-12,1.511441107531239e-11,0.8387677524770911,0.08373974729644189,0.020856600848571116,0.010859271083883222,0.04577662829401262,3.2564448404387805,SC4001,1950.0,30,W
2.2277313797313786e-07,2.7384254657145608e-05,0.000188014652014652,2.738516078094856e-05,4.366064769209332e-10,3.672604776873845e-11,7.188062995255891e-12,2.6779023818713274e-12,1.2688022061776007e-11,0.8804564476795623,0.07406139685286704,0.014495379122939625,0.00540023234424451,0.025586544000386565,2.7577929412458415,SC4001,1980.0,30,W
-2.1389597069597065e-07,2.2117908345001282e-05,0.00017188571428571427,2.2118942584223083e-05,3.1843956465933447e-10,2.3378373279071066e-11,5.381363542269582e-12,2.0483877021487287e-12,6.057370244095051e-12,0.8962426968334033,0.06579803089992209,0.01514575545574647,0.005765152079322,0.017048364731605977,3.08415712965161,SC4001,2010.0,30,W
2.8228766788766785e-07,3.2225842455814796e-05,0.00019879853479853478,3.222707880516689e-05,6.71304967632534e-10,6.334617135140457e-11,1.0670191239656303e-11,2.8338136359757987e-12,9.05623790319749e-12,0.8865489661153186,0.08365718328736205,0.01409143007704979,0.0037424340207073423,0.011959986499562125,2.934223705446583,SC4001,2040.0,30,W
5.63262515262515e-07,2.303834227239774e-05,0.00015406886446886448,2.3045226822950745e-05,3.394515831529547e-10,3.208906585338322e-11,6.0426333901221315e-12,2.2183159736150657e-12,9.4071422426e-12,0.8721581704938205,0.08244693015596216,0.015525430853916812,0.005699553329976842,0.024169915166323587,3.1081272324060034,SC4001,2070.0,30,W
-1.9257826617826645e-07,3.496874106163514e-05,0.00024849816849816853,3.496927133676496e-05,8.073923748313596e-10,5.240451533059182e-11,1.0407635761978535e-11,4.1116696299765215e-12,1.7604153397606368e-11,0.905229234628945,0.058754703143834956,0.01166879506024626,0.004609906742020125,0.01973736042495357,2.843844803100133,SC4001,2100.0,30,W
5.710456654456652e-07,2.3555067262092896e-05,0.0002363076923076923,2.3561988177438355e-05,2.557497461975226e-10,1.459758546092756e-11,4.848727420358852e-12,1.7775315100869094e-12,6.497686164185556e-12,0.9022069153775117,0.05149581865270545,0.017104827959632578,0.006270587730958131,0.022921850279192083,2.5156114772554288,SC4001,2130.0,30,W
1.3231355311355294e-07,2.418521457048209e-05,0.00021342710622710624,2.4185576501224793e-05,3.403804395168777e-10,2.461772370838458e-11,4.771640012642669e-12,1.6442171220064412e-12,7.728706084491199e-12,0.8977633375931083,0.06492996434152752,0.012585339714653294,0.0043366706185448845,0.02038468773216604,2.802229535435593,SC4001,2160.0,30,W
1.832947496947495e-07,1.661511412085865e-05,0.00016504029304029302,1.661612512634706e-05,1.1725871760283312e-10,1.2493036915957096e-11,3.4832152216875668e-12,1.6894770221261876e-12,5.273242560742807e-12,0.8363812425780568,0.08911014850710998,0.024845025895212924,0.01205067665722821,0.03761290636239229,3.1467397881661547,SC4001,2190.0,30,W
1.3759609279609305e-07,2.0285691875074895e-05,0.00020264322344322341,2.0286158520903667e-05,2.2688490234277997e-10,2.0409836480970833e-11,5.6849264891636485e-12,1.7952799559221693e-12,6.717088378006626e-12,0.8676551219499031,0.07805146564631193,0.02174034294613119,0.00686552447080195,0.025687544986851704,3.0732196154657823,SC4001,2220.0,30,W
4.206026862026861e-07,1.3733876919267824e-05,0.00013887765567765568,1.3740315929891798e-05,1.0341729634584938e-10,1.6752878026863955e-11,3.629528629063892e-12,1.0591560351960857e-12,6.848019073384718e-12,0.7852080151743889,0.12719820154591024,0.02755762402949592,0.00804176706935998,0.0519943921808451,3.6809730190287273,SC4001,2250.0,30,W
-4.729279609279628e-08,1.9726824190730598e-05,0.0001698227106227106,1.9726880880173536e-05,2.092264050375386e-10,2.1791373184467378e-11,6.4793292831105e-12,1.9358098947115653e-12,8.724228482378004e-12,0.8431206133264165,0.08781279743929354,0.02610978321851781,0.0078007420976321405,0.0351560639181399,3.1397311749866543,SC4001,2280.0,30,W
8.709313797313797e-07,2.4255259540189152e-05,0.00019570402930402928,2.427089073005228e-05,3.004187753310337e-10,2.3404587926269007e-11,5.657410283130284e-12,2.173983618012467e-12,8.673223948282116e-12,0.8827331045601617,0.06877068365098454,0.016623406235163802,0.006387907367894916,0.025484898185794996,2.9330966109651295,SC4001,2310.0,30,W
-7.343042735042735e-07,2.262012567808512e-05,0.0001908278388278388,2.2632041190720125e-05,2.421982358565601e-10,1.939215397080224e-11,5.326615474834961e-12,2.56870576290674e-12,1.2305396914579151e-11,0.8594956653991449,0.06881748011793327,0.018902709574565437,0.009115638109815518,0.04366850679854084,2.798639713713473,SC4001,2340.0,30,W
5.433826617826617e-07,1.6118454248282286e-05,0.00013353260073260072,1.612761086060472e-05,1.0245809481292966e-10,1.7592700458484324e-11,4.834612977566955e-12,1.9394821496530557e-12,1.036557417348127e-11,0.7468310216201052,0.12823559212627772,0.035240153115930324,0.014137149806308527,0.0755560833313785,3.2662592397985755,SC4001,2370.0,30,W
2.490192918192897e-07,3.081640875595034e-05,0.00024734871794871794,3.0817414869218196e-05,5.457193962353901e-10,7.156133750708967e-11,1.5522203701399684e-11,5.697357884066842e-12,3.291526051467532e-11,0.8127893247133904,0.10658278153427755,0.023118623878053336,0.008485591128309053,0.049023678745969634,3.135542858396752,SC4002,0.0,30,W
9.313242979242955e-07,4.278106394833156e-05,0.0003116043956043956,4.2791200000691014e-05,7.557682067126754e-10,3.7129374554761556e-11,1.5953683993020464e-11,4.596548706706866e-12,2.284774651420995e-11,0.9037094568308519,0.04439743113474115,0.019076609690283994,0.005496320827126094,0.02732018151699708,2.3788903509018975,SC4002,30.0,30,W
2.115285225885224e-06,3.491861310175187e-05,0.0002608923076923077,3.498262386580924e-05,4.83151217180636e-10,9.825740880021062e-11,2.4926205258815102e-11,4.1743539402363265e-12,1.3532693319998724e-11,0.7742288359589892,0.1574532289986799,0.03994316105632841,0.006689220842471099,0.021685553143531478,3.0179164326428367,SC4002,60.0,30,W
-8.789682539682553e-07,4.8899547255924734e-05,0.0003479582417582418,4.89074463351533e-05,1.2187401045753396e-09,1.314649783234784e-10,2.5145527187783242e-11,1.3232030475977751e-11,5.629081105649565e-11,0.8434926278212546,0.09098719211441207,0.017403273040698507,0.009157916536669976,0.03895899048696489,2.8055682465774616,SC4002,90.0,30,W
9.025399267399248e-07,3.756147006271679e-05,0.0002682241758241758,3.757231176799917e-05,8.267270222690878e-10,1.2402101209791052e-10,2.1533002806624683e-11,7.549684290230714e-12,4.3888797301734213e-11,0.8075718076236003,0.12114745281740494,0.021034084445893362,0.0073747585660320384,0.04287189654706967,3.4340768899374376,SC4002,120.0,30,W
2.0584293040293015e-06,3.763516618315613e-05,0.0002649655677655678,3.7691416328302984e-05,7.564010837570764e-10,7.650893843805709e-11,1.6688373141145977e-11,7.208651266252487e-12,3.307530726854722e-11,0.8500012169773391,0.08597646431040619,0.018753460014742228,0.008100678966038732,0.03716817973147377,3.0108074433730305,SC4002,150.0,30,W
-7.621675213675228e-07,3.099441808024773e-05,0.00023156483516483515,3.100378769543836e-05,4.1580326553863667e-10,6.076611151824526e-11,1.7295865482054012e-11,8.331245457337745e-12,3.410709011785949e-11,0.7753132414308593,0.11330543743885547,0.03225014001001724,0.015534569966200626,0.06359661115406731,3.113347795259054,SC4002,180.0,30,W
7.398810744810728e-07,4.1670923102826145e-05,0.0002898124542124542,4.1677491002290734e-05,8.749609956901912e-10,7.684208792604031e-11,1.7834194508940452e-11,7.094278331348224e-12,3.825221844551496e-11,0.8620443176785179,0.07570770077921395,0.01757091586085875,0.006989548509810371,0.037687517171599134,2.728050836975706,SC4002,210.0,30,W
7.493174603174584e-07,3.7105124988387625e-05,0.00024307179487179488,3.7112690242829405e-05,7.817055815385876e-10,8.197516962161442e-11,2.0681165033494295e-11,6.5431743122982826e-12,4.877558823755727e-11,0.8318842764584742,0.08723726205717405,0.02200871583434822,0.006963189155966438,0.05190655649403706,3.0685159273751883,SC4002,240.0,30,W
7.294603174603151e-07,3.0179119852635886e-05,0.00025284761904761905,3.0187934467838488e-05,4.681659739714506e-10,6.620521411436961e-11,1.882177985326676e-11,9.08395581733251e-12,4.886848977632837e-11,0.7660467764377067,0.10832972423317065,0.03079754741914333,0.01486382064920095,0.07996213126077856,3.5435473115837266,SC4002,270.0,30,W
-5.640732600732762e-08,3.2313817020833e-05,0.0002511164835164835,3.231386625339505e-05,4.732326291671745e-10,5.5777056415992846e-11,1.972954028191499e-11,9.001130880265737e-12,5.025977192233215e-11,0.7783429753611669,0.09173856021744264,0.03244989491227351,0.014804488446392358,0.08266408106272469,3.276913301476216,SC4002,300.0,30,W
1.0757892551892528e-06,2.8914906118004727e-05,0.0002511164835164835,2.8934911756122707e-05,3.9316082435040056e-10,2.7913122196277868e-11,1.1254443375376426e-11,7.898874046369941e-12,3.041475602948396e-11,0.8353712750768568,0.05930860613848695,0.023912959100903134,0.0167831891559641,0.06462397052778905,2.716489847485189,SC4002,330.0,30,W
1.30993382173382e-06,2.685274135505927e-05,0.00025885567765567767,2.688467304802185e-05,3.6232457856493886e-10,4.0501634750026803e-11,1.310591548745316e-11,5.933389982340099e-12,2.7545093404966298e-11,0.806221679544982,0.09012166969686165,0.029162452180635883,0.01320260319049883,0.061291595387021565,3.1163390387207457,SC4002,360.0,30,W
6.948715506715488e-07,2.6824777544122407e-05,0.0001900175824175824,2.683377604370258e-05,3.4135027092090837e-10,3.41202590681959e-11,1.2582853350920689e-11,6.28326589653728e-12,2.914185205356937e-11,0.806062810463769,0.08057140790913393,0.029713086526439704,0.014837272440974561,0.06881542265968264,2.827449771356849,SC4002,390.0,30,W
6.531545787545769e-07,2.590782278677967e-05,0.00026445641025641027,2.5916054723953024e-05,3.40309101494825e-10,4.822935917492896e-11,9.758236415556506e-12,5.797041818560477e-12,2.208606668915143e-11,0.7985106216407657,0.11316669288874112,0.022896993915462693,0.013602338126964948,0.05182335342806547,3.471557861955496,SC4002,420.0,30,W
8.096356532356513e-07,2.0868682334944962e-05,0.0001566168498168498,2.0884382018336915e-05,1.6717958112466177e-10,2.3045167418246754e-11,8.60537704682812e-12,4.5697158675393035e-12,2.1541411306525445e-11,0.7432144129658954,0.10244971580399809,0.03825610883328794,0.020315152562690286,0.09576460983412816,3.0556486588764153,SC4002,450.0,30,W
4.2892161172161e-07,2.080043472012874e-05,0.00020233919413919414,2.0804856603575503e-05,2.23130960289966e-10,2.6859212973033737e-11,9.90690629509933e-12,4.681056535225606e-12,2.318926606108853e-11,0.7753865052798304,0.09333653767573487,0.034426784343639376,0.016266806108614747,0.08058336659218056,3.3357124128206577,SC4002,480.0,30,W
1.061974114774113e-06,2.7063342019147455e-05,0.00022545494505494504,2.7084170104801115e-05,3.801403257827173e-10,3.312041524737657e-11,1.1671142053718618e-11,6.008221797404819e-12,3.067290522857564e-11,0.8235043585368236,0.07174931061734806,0.02528339062831587,0.01301571157185493,0.06644722864565754,3.0254507392871193,SC4002,510.0,30,W
2.607299145299128e-07,3.312283646073232e-05,0.00025508791208791207,3.312386262640197e-05,6.017979411801746e-10,3.8699139457580204e-11,1.5396346028018004e-11,6.8106003653797524e-12,3.2101656213654365e-11,0.8661384840286891,0.05569778772800423,0.02215921141593955,0.009802165597687137,0.046202351229680014,2.7973544281539886,SC4002,540.0,30,W
9.203604395604375e-07,2.0973720921677177e-05,0.00015875531135531133,2.0993904654425458e-05,2.2193733912566823e-10,2.95307001768546e-11,1.053597691899098e-11,3.760665198402244e-12,2.3934970803968104e-11,0.7660945997758802,0.10193557344705695,0.03636862121894652,0.012981255481438915,0.08261995007667736,3.4307579013043066,SC4002,570.0,30,W
6.042754578754561e-07,2.3996850866419885e-05,0.00023512893772893772,2.400445792627252e-05,2.84302585705286e-10,3.1225210400503823e-11,1.070216103893069e-11,5.465073126770663e-12,2.5806693577097702e-11,0.7952481533367246,0.0873428247124439,0.02993597044433645,0.015286844124660111,0.07218620738183487,3.4144650087459176,SC4002,600.0,30,W
4.4090378510378293e-07,2.655688722132641e-05,0.0002847208791208791,2.6560546964134016e-05,3.231903539324492e-10,3.8314909750338414e-11,1.0809208998577792e-11,4.815247661444421e-12,2.7864954350011752e-11,0.7980113668842215,0.09460595939785954,0.026689755875867523,0.011889656734614267,0.06880326110743709,3.3513431309064035,SC4002,630.0,30,W
7.881831501831485e-07,3.239604035366218e-05,0.0002667985347985348,3.2405627031031825e-05,4.421359475583677e-10,5.706231836439502e-11,2.2520442455197084e-11,1.54735249713679e-11,7.947244052744412e-11,0.7169795292128568,0.09253378826723223,0.03651975442928866,0.025092283743271434,0.12887464434735094,3.4344054656418894,SC4002,660.0,30,W
9.931699633699608e-07,3.062912981382297e-05,0.00024062783882783883,3.064522768275934e-05,4.5324265675830403e-10,4.7982267538285647e-11,1.8728121258993675e-11,1.1373933043171757e-11,5.5303838828093126e-11,0.7726199226054511,0.08179295412530717,0.03192488478723509,0.019388570639813113,0.09427366784219345,3.362654613394696,SC4002,690.0,30,W
1.3548075702075682e-06,2.3020428312821828e-05,0.00020773626373626374,2.3060260693627482e-05,1.9531207713121393e-10,3.2492119192127074e-11,1.7157114522988477e-11,1.0277986914767345e-11,5.436805297283863e-11,0.6308379845253014,0.10494621369648792,0.05541572085519583,0.03319684397157563,0.17560323695143926,4.236357675956918,SC4002,720.0,30,W
-4.114937728937747e-07,3.702488767351306e-05,0.000249181684981685,3.7027174269195716e-05,7.639254749043181e-10,5.090717627199698e-11,2.417557135150477e-11,1.1538382324048439e-11,7.653268160158774e-11,0.8240130979807744,0.05491135118199275,0.0260771346148704,0.012445949869280918,0.0825524663530815,3.2998415899392954,SC4002,750.0,30,W
1.5073511599511576e-06,2.7947242815405507e-05,0.0002699553113553113,2.7987863235742756e-05,3.4648486496897477e-10,3.231974819645255e-11,1.1536790288751885e-11,7.174470035665029e-12,3.672693139710473e-11,0.7979058284205282,0.07442782662770128,0.02656760263824148,0.016521793694504242,0.08457694861902489,3.054706572047338,SC4002,780.0,30,W
7.532869352869159e-08,2.2157012496298143e-05,0.00017657582417582415,2.2157140545954498e-05,1.7103946509768481e-10,2.129408413577912e-11,9.527331249581208e-12,4.702849179686801e-12,2.2417926001469325e-11,0.7469570634449078,0.09299471642831786,0.041607399605638806,0.0205381045308864,0.09790271599024916,3.0909220635601433,SC4002,810.0,30,W
6.524757020757001e-07,1.84979995541739e-05,0.00020437582417582418,1.850950329014847e-05,1.6522995584820926e-10,2.3137864444338382e-11,8.107820688708098e-12,3.5011593636508417e-12,1.950304609073671e-11,0.752825184323512,0.10542136246264851,0.036941071448605665,0.015952076787503426,0.08886030497773045,3.6043856053198016,SC4002,840.0,30,W
1.1748713064713042e-06,2.3287431226051116e-05,0.0001898139194139194,2.3317049034876393e-05,3.3476345986090467e-10,5.969990332224769e-11,1.2902897389347486e-11,6.622080621350883e-12,3.118931378345846e-11,0.7519772300295882,0.13410354867269922,0.028983704022622497,0.01487514152454128,0.07006037575054881,3.8242102715754664,SC4002,870.0,30,W
-3.8881929181929344e-07,3.156544594661754e-05,0.0002966351648351648,3.156784056996177e-05,5.476911401247453e-10,4.8814402848156335e-11,1.388014770390321e-11,6.58065012356529e-12,3.3799068949132956e-11,0.8416107124310221,0.07501075213408516,0.021328957403015703,0.010112169492994962,0.05193740853888212,3.1540472486533573,SC4002,900.0,30,W
1.5320962148962127e-06,3.572387445532297e-05,0.00025855018315018314,3.5756713004852345e-05,6.547467292154845e-10,7.557312129278472e-11,2.1622680130043983e-11,1.213187893908089e-11,5.493618327621581e-11,0.7994362160008278,0.09227367991599673,0.026400977372839456,0.014812847409959378,0.06707627930037666,3.4369231384016965,SC4002,930.0,30,W
4.655130647130628e-07,3.6252097314436584e-05,0.00024683956043956043,3.62550860171204e-05,7.902049898284643e-10,9.518460444291243e-11,1.873704710388986e-11,9.709678577355286e-12,3.6487934304101744e-11,0.8315109146051489,0.10016013378229424,0.019716477844232916,0.010217226945290911,0.03839524682303308,3.185161169563298,SC4002,960.0,30,W
8.1404835164835e-07,3.703600021992711e-05,0.0002509128205128205,3.70449454988027e-05,8.435692137657303e-10,1.0985651953390177e-10,1.7883991289483895e-11,9.557482178661108e-12,3.3301734349072845e-11,0.831783719226062,0.10832171552495257,0.017634134279234794,0.009423954719157506,0.03283647625059335,3.2288882542583703,SC4002,990.0,30,W
1.2904500610500586e-06,4.3780562137122005e-05,0.00030508717948717946,4.379957628108364e-05,1.089748163187241e-09,1.7315799105434412e-10,3.9442107582959436e-11,1.7173687992910713e-11,7.527595929577272e-11,0.7812946635975898,0.12414557687746533,0.028278008824974214,0.012312671162397459,0.053969079537573295,3.476141124870953,SC4002,1020.0,30,W
3.9460439560439327e-07,4.266640404222642e-05,0.0002762688644688644,4.266822877181036e-05,1.1420761463861119e-09,1.4114213390514076e-10,3.38387298956443e-11,1.256788513036816e-11,4.292161496285414e-11,0.8320855707490953,0.10283231413144278,0.024653976854116407,0.009156618763908567,0.03127151950143707,3.23309014136811,SC4002,1050.0,30,W
3.468793650793633e-07,4.1060044583689866e-05,0.0002838043956043956,4.1061509793339526e-05,9.492672211571004e-10,1.6477561370109807e-10,3.677958866787013e-11,1.6881335754630778e-11,5.934924375430834e-11,0.7736154989305039,0.13428565293719189,0.02997392009709365,0.013757625557230438,0.048367302477980344,3.5159230819995866,SC4002,1080.0,30,W
1.0583760683760664e-06,3.761364741682041e-05,0.0003005047619047619,3.762853480935701e-05,7.434835730642529e-10,1.0013792775295002e-10,2.3248554413447585e-11,1.3205214734944729e-11,5.4613586515421333e-11,0.7954342965672802,0.10713503970717747,0.024873041175408256,0.01412792571921812,0.05842969683091598,3.3023358447984807,SC4002,1110.0,30,W
4.0183443223443053e-07,3.4269349835033236e-05,0.00024225714285714284,3.4271705662642785e-05,7.698241946986007e-10,7.683743117019739e-11,1.82834114817104e-11,1.1595207419912603e-11,5.561272977244295e-11,0.8258560726860623,0.082430065953369,0.019614174905869655,0.012439167965535907,0.05966051848916313,3.4856181968202575,SC4002,1140.0,30,W
9.508080586080565e-07,3.210317564888244e-05,0.0002164937728937729,3.211725272664698e-05,6.270644528349783e-10,7.612428875289482e-11,1.3049765822989912e-11,7.085432875752469e-12,3.13429657980589e-11,0.8309155307846784,0.10087137535663131,0.017292087035714953,0.009388821503400436,0.04153218531957487,3.4799104636656075,SC4002,1170.0,30,W
6.103514041514022e-07,3.480448463664509e-05,0.00024327545787545784,3.480983596139192e-05,8.476350029354323e-10,7.307670523728148e-11,1.8160215245818536e-11,7.195134832665104e-12,3.074101068274208e-11,0.8677600338217077,0.07481173381075293,0.01859138537383099,0.00736596580382231,0.0314708811898861,3.282679309174209,SC4002,1200.0,30,W
-1.2606007326007538e-07,3.217220717227661e-05,0.00028879413919413917,3.2172454141360697e-05,6.196268352351655e-10,8.881502747673903e-11,1.9365480463231478e-11,1.3089997287227163e-11,5.2541800447536983e-11,0.7809380748781688,0.11193678619747412,0.02440701430613006,0.016497796254689195,0.06622032836353788,3.560459989570917,SC4002,1230.0,30,W
6.033929181929163e-07,2.7048838395691277e-05,0.00019785860805860805,2.7055567663051315e-05,4.395244873317944e-10,5.6645287160054556e-11,1.5330293342491323e-11,6.491140378835273e-12,3.026777230659231e-11,0.8016731197273057,0.10331848482692053,0.02796177333558256,0.011839551397190895,0.055207070713000364,3.652898107850679,SC4002,1260.0,30,W
3.115777777777758e-07,2.1675384646081464e-05,0.0001885919413919414,2.1677623953449993e-05,2.705648778018467e-10,4.1101635920664965e-11,1.1773508183789909e-11,5.684535690729353e-12,2.302875405874598e-11,0.7683155854184289,0.11671517648779355,0.03343290491414798,0.016142218467296077,0.06539411471233343,3.6939296602539784,SC4002,1290.0,30,W
1.357930402930401e-06,3.225718162785888e-05,0.00023197216117216117,3.228575137040919e-05,6.621675488341051e-10,6.756098475362604e-11,1.4166261716539213e-11,7.13147961218259e-12,3.010395819474856e-11,0.8477044169660746,0.08649131974387178,0.018135595213253648,0.00912969350037608,0.03853897457642376,3.349771614216035,SC4002,1320.0,30,W
5.30413675213673e-07,2.980793905421218e-05,0.0002016263736263736,2.981265787088567e-05,5.899198412870058e-10,9.637488365171095e-11,1.6095368726649287e-11,9.45463281494637e-12,3.527493800560771e-11,0.7895921755625577,0.12899524431340567,0.021543227265640542,0.012654777091768741,0.04721457576662739,3.5772962254699245,SC4002,1350.0,30,W
4.7267521367521186e-07,2.220330603607893e-05,0.00018187106227106228,2.2208336740724235e-05,2.415197835143326e-10,5.948235268707113e-11,1.5279441932153146e-11,8.889943653100566e-12,3.58456394466492e-11,0.6689980683722978,0.16476322755369174,0.04232331194438382,0.024624712084962235,0.0992906800446642,4.124249861488453,SC4002,1380.0,30,W
9.615343101343076e-07,2.581118504763918e-05,0.00022565860805860802,2.5829088675232775e-05,3.836537093820075e-10,4.8704107689015823e-11,1.754830419476e-11,1.0093026231023213e-11,4.3844754608526686e-11,0.7614535132387117,0.0966650732210981,0.03482885100213312,0.020032049983832435,0.08702051255422465,3.7492090202278403,SC4002,1410.0,30,W
5.795982905982886e-07,2.2654309743703e-05,0.00023034285714285712,2.2661722885564138e-05,3.1608681110062207e-10,4.618374691424244e-11,1.2537547728147337e-11,4.48491189067698e-12,1.8256077151155774e-11,0.7950887456345228,0.11617117865464464,0.03153710546098141,0.011281403855552069,0.04592156639429917,3.436668757141663,SC4002,1440.0,30,W
3.9969597069596876e-07,1.9768636930520832e-05,0.00014684102564102564,1.9772677182408625e-05,2.0870604980608713e-10,3.3503381983010183e-11,1.255228870774921e-11,6.7109924239782e-12,2.3427139178278576e-11,0.7325593476738207,0.11759704940582393,0.0440586002950358,0.023555619192261845,0.08222938343305763,3.848023730315693,SC4002,1470.0,30,W
7.521687423687402e-07,2.3950366383898768e-05,0.00024337728937728938,2.3962174520272252e-05,2.509357334968344e-10,2.959837245742893e-11,1.0850580123401114e-11,5.6952274849356015e-12,2.5197157127378477e-11,0.7786335309539522,0.09184138478750706,0.03366848314765486,0.017671835829779683,0.07818476528110631,3.3697406287756095,SC4002,1500.0,30,W
4.781062271062252e-07,2.4872873647698166e-05,0.00017525201465201466,2.4877468300829077e-05,3.7937071921444555e-10,4.8067340502889724e-11,1.7185010494166166e-11,8.005374728210541e-12,3.885905102356783e-11,0.7718827484530537,0.09779972206349061,0.03496530559843602,0.0162880537022017,0.07906417018281801,3.7692287700069,SC4002,1530.0,30,W
6.479951159951138e-07,2.015724655543864e-05,0.0002165956043956044,2.0167659417173238e-05,1.6856778912647799e-10,3.45237504896803e-11,1.4666870630633858e-11,6.560752547409377e-12,3.536575374272507e-11,0.6491242979162712,0.132944766103776,0.056479486087318675,0.02526428040142429,0.1361871694912097,3.9709745443542026,SC4002,1560.0,30,W
1.6645450549450525e-06,3.327564465429651e-05,0.0002560043956043956,3.3317251348197294e-05,6.450697013963128e-10,5.904577483852088e-11,1.522912762182062e-11,8.606035485166289e-12,4.287883543002411e-11,0.8368513692178738,0.07660030755310394,0.019756805000649774,0.01116464246221716,0.05562687576615525,3.429294212020349,SC4002,1590.0,30,W
-3.937072039072056e-07,2.4953098806937102e-05,0.0002460249084249084,2.49562045477908e-05,2.1610879562999931e-10,3.0664501433131687e-11,1.4898263508170687e-11,8.141706403970441e-12,3.9536850839034696e-11,0.6985896664817908,0.09912555278720994,0.04815987662598418,0.026318743504916496,0.1278061606000985,3.8514055124109596,SC4002,1620.0,30,W
6.693457875457856e-07,2.547366132297211e-05,0.00023838754578754575,2.54824536687657e-05,4.216204784116544e-10,4.668800954772138e-11,1.1662893727728579e-11,6.851152240981643e-12,2.9009535847970597e-11,0.8173599570780791,0.09051009482212012,0.022609865518427162,0.013281749318060044,0.05623833326331337,3.3633553682332047,SC4002,1650.0,30,W
6.60690109890108e-07,2.23430651225366e-05,0.00019806227106227103,2.2352831375269177e-05,2.4429057747884473e-10,4.287006025066712e-11,1.6548278449732643e-11,9.605870211780568e-12,4.2919193306542244e-11,0.6857587748542141,0.12034242294085085,0.04645339690442127,0.02696505880751657,0.12048034649299721,4.003887234011184,SC4002,1680.0,30,W
6.851636141636121e-07,2.2140408380588238e-05,0.0001777978021978022,2.2151007481317766e-05,2.218202556545005e-10,5.1156550269763004e-11,1.6386505988955472e-11,1.0598711533796393e-11,4.7100505148741025e-11,0.6391362863401115,0.1473986560195554,0.047214852191784076,0.030538334336119934,0.1357118711124291,4.272155430245196,SC4002,1710.0,30,W
8.493838827838806e-07,3.061126923638629e-05,0.00028950695970695966,3.0623051076645885e-05,5.322289323873577e-10,6.509627346008162e-11,1.347894965356934e-11,6.497870494339636e-12,2.9918412320522244e-11,0.8223302307514705,0.10057821046175294,0.02082590235970121,0.010039655903400882,0.046226000523674454,2.998658790043642,SC4002,1740.0,30,W
4.447374847374648e-08,2.3106245575144067e-05,0.0001946,2.3106288375530332e-05,3.1224744851205107e-10,4.234540767364286e-11,1.5562269832214863e-11,8.24190200141813e-12,2.9149197879042174e-11,0.7661644953863885,0.10390332429235316,0.038185287565626155,0.020223232305121224,0.07152366045051092,3.713119968429285,SC4002,1770.0,30,W
9.575628815628793e-07,2.625329018633654e-05,0.00022026153846153846,2.6270747463293494e-05,3.6365807024734365e-10,6.051410801129496e-11,1.643936595987024e-11,6.9035913118951525e-12,2.1803332685669664e-11,0.7748641804564911,0.12894039359097698,0.03502816759450765,0.014709822390191446,0.0464574359678329,3.486044880378327,SC4002,1800.0,30,W
6.052937728937708e-07,2.725706473169397e-05,0.00024836703296703296,2.726378473982032e-05,4.360993266215447e-10,6.175146211260818e-11,1.4636017585924157e-11,7.54327932072081e-12,3.0229133622670907e-11,0.7925343390071156,0.1122224943277889,0.026598405030841123,0.01370859234456374,0.054936169289690605,3.3796162656595654,SC4002,1830.0,30,W
3.878495726495708e-07,2.144882664131921e-05,0.00018258388278388277,2.1452333010196564e-05,2.358494535159477e-10,5.719010287937097e-11,1.295556863079692e-11,6.015349485945431e-12,2.275493241358028e-11,0.7045215802967808,0.1708363579277298,0.03870044025688304,0.017968850309797904,0.06797277120880846,3.7763914278485182,SC4002,1860.0,30,W
7.578034188034169e-07,2.6213476330039297e-05,0.00021038388278388277,2.622442768349923e-05,3.6507420684217096e-10,6.178065209511226e-11,1.8740512883476783e-11,9.757315373564587e-12,4.2307584663842926e-11,0.733581174721973,0.12414222229239884,0.037657241180822656,0.01960637793555964,0.08501298386924591,3.765926477325235,SC4002,1890.0,30,W
1.2462551892551871e-06,2.4347053510390298e-05,0.00017698315018315017,2.437892874255458e-05,2.647909098535884e-10,5.4923806004728076e-11,1.233398922799354e-11,5.319688256264481e-12,2.3940630335312918e-11,0.7328654766443188,0.15201338025173017,0.03413695318882897,0.014723375027043514,0.06626081488807864,3.521051426629924,SC4002,1920.0,30,W
1.0429316239316222e-06,2.2895093398802784e-05,0.00020030256410256408,2.291883522590316e-05,2.850249604222099e-10,4.6344741693328516e-11,1.526753864835355e-11,7.0061389726075256e-12,3.0304722744926936e-11,0.7423528299270553,0.12070574484886393,0.039764589405913583,0.018247619736436772,0.07892921608173056,3.8056944462613878,SC4002,1950.0,30,W
-2.568456654456673e-07,2.4896441024213965e-05,0.00020844908424908423,2.489776587101787e-05,3.4204828855639235e-10,5.86803591987894e-11,1.2864470823642847e-11,5.855046996881778e-12,2.8280654526035963e-11,0.7639630803276523,0.13106227824569078,0.02873272893337425,0.013077217132350941,0.06316469536093174,3.684880187181153,SC4002,1980.0,30,W
6.063120879120857e-07,2.403429141187997e-05,0.00028675750915750913,2.4041937900658416e-05,3.202375973232678e-10,5.968285329226203e-11,1.5539572964717727e-11,7.008570825689767e-12,3.153644908438537e-11,0.7378660735089092,0.13751649707175076,0.035805051572088985,0.016148593042435558,0.07266378480481542,3.855798920740128,SC4002,2010.0,30,W
6.140173382173361e-07,2.2536443685775663e-05,0.00018288937728937727,2.2544806747758325e-05,2.671033261670771e-10,5.671673948453636e-11,1.7206488165429427e-11,7.75591167864019e-12,3.699743913374716e-11,0.6923723163435622,0.147018387437824,0.044601825960731464,0.020104498926895403,0.09590297133098705,4.006042169425831,SC4002,2040.0,30,W
4.816703296703276e-07,2.414203646335383e-05,0.00024806153846153843,2.414684101294392e-05,3.201456301896709e-10,4.4098538860118225e-11,1.4083477998139467e-11,5.782123566105395e-12,3.0626538429058345e-11,0.7719257350009517,0.10632910092165636,0.033957668260668615,0.013941686416234694,0.07384580940048863,3.631680065339439,SC4002,2070.0,30,W
9.828849816849796e-07,1.8118219958665507e-05,0.00018319487179487177,1.8144860356525397e-05,1.5579778022946658e-10,4.3011014980041844e-11,1.5574617715744767e-11,6.221406431665098e-12,3.354132758126742e-11,0.613024364549427,0.16923732859307575,0.06128213196768582,0.024479640972791494,0.13197653391702002,4.321824263088009,SC4002,2100.0,30,W
8.589899877899861e-07,1.7423167020780174e-05,0.00019144322344322344,1.744432895909514e-05,1.4540351638505242e-10,3.4250441128223645e-11,1.0619524469265416e-11,6.3883509167385244e-12,2.4954877085828715e-11,0.6561035780867907,0.15454809851894769,0.04791842848844287,0.028826124695957186,0.11260377020986155,4.180983296040595,SC4002,2130.0,30,W
2.50580708180706e-07,2.1910865412145e-05,0.0001777978021978022,2.191229823182508e-05,2.9428423705393923e-10,5.940100649368683e-11,1.3867119238694355e-11,5.2858362910484646e-12,2.264970372544898e-11,0.7441042696081233,0.1501967723227756,0.03506332087636121,0.013365355181758553,0.0572702820109814,3.705032853206666,SC4002,2160.0,30,W
4.7474578754578563e-07,2.0314541998635357e-05,0.0001995897435897436,2.0320088586842142e-05,2.1338853400694927e-10,2.925683623836717e-11,1.1185191006257468e-11,4.9967722550762055e-12,2.747566635047338e-11,0.7453241290291704,0.10218836775362986,0.039067669608209905,0.017452741527576702,0.09596709208141313,3.8486003887817426,SC4002,2190.0,30,W
6.887956043956026e-07,2.4251250735141033e-05,0.00023024102564102563,2.4261030514042746e-05,3.1387412003334926e-10,5.630915162933324e-11,1.2415276955373869e-11,5.945914103876713e-12,2.7179470614125503e-11,0.7550061347553522,0.13544842409593635,0.029864234314693008,0.014302554236323501,0.06537865259769504,3.6637361868779523,SC4002,2220.0,30,W
8.715152625152602e-07,2.3366391631329345e-05,0.00022952820512820511,2.3382638788670862e-05,2.925003084193295e-10,5.643204100294326e-11,1.475883017174829e-11,5.850722475325842e-12,3.062302066173482e-11,0.7309493956218025,0.1410219581911397,0.036881868783052975,0.014620777941742874,0.07652599946226187,3.6539794172264846,SC4002,2250.0,30,W
6.480630036630016e-07,2.1350898874825003e-05,0.00016975311355311355,2.13607319261237e-05,2.701778788385125e-10,5.732958303087088e-11,1.4193178121248358e-11,6.162221480596778e-12,2.756910046274573e-11,0.7196453851364623,0.1527029897389323,0.03780492755101245,0.01641368371742549,0.07343301385616764,3.9723923681585322,SC4002,2280.0,30,W
5.490827838827816e-07,2.638310566439703e-05,0.0002229091575091575,2.6388818776184265e-05,3.2957821226666017e-10,6.675794575753374e-11,1.810517494467334e-11,8.285103856315945e-12,5.6527323167822025e-11,0.6876904049150713,0.13929561190820514,0.03777784642719879,0.017287509348777704,0.11794862740074705,4.0385196891852475,SC4002,2310.0,30,W
3.6548058608058414e-07,2.5800372282179534e-05,0.00018003809523809523,2.5802960798285528e-05,3.671104274924841e-10,6.755501021603477e-11,1.9682581272313345e-11,1.2693199100599005e-11,5.607093855336759e-11,0.7017814876528965,0.1291405855497965,0.03762592977944189,0.024264775611897185,0.10718722140596801,4.0795032560035365,SC4002,2340.0,30,W
8.793562881562863e-07,2.4142018629007378e-05,0.00017708498168498166,2.4158028292161164e-05,3.176718699204653e-10,6.217142996571736e-11,1.6254939560691046e-11,7.752728585941197e-12,4.4759227595689344e-11,0.7081244987653614,0.13858675208800147,0.036233994945027555,0.017281659359256428,0.09977309484235312,4.052648632900537,SC4002,2370.0,30,W
